Hour of the Day,1,2,3,4,5,6,7,8,9,10,11,12,13,14,15,16,17,18,19,20,21,22,23,24,25,26,27,28,29,30
0,142.1289103,156.9615997,118.2681098,77.08218119,120.1901274,75.54791196,144.5536162,34.6539152,145.804072,174.2686802,185.2509343,66.41843528,60.6182147,17.88634525,79.56044607,115.1934087,144.9569748,89.82247171,67.71040658,129.2585057,66.64323284,22.54210193,66.29194788,108.4274363,34.99682254,27.05887222,72.54094551,96.11400095,19.77058458,27.77594728
1,161.4547197,157.9195284,173.0568612,79.93930547,127.4940669,164.2131385,166.0743838,51.18553648,149.9414984,162.8775756,172.9589153,69.02473776,63.99293729,54.38920028,133.6839338,103.3274098,131.7617674,89.95572801,79.42203862,117.966471,68.86462915,21.86166934,68.93200581,94.77796504,31.50110095,23.26266165,70.0941271,106.0777572,19.6811033,30.2038373
2,157.6864825,160.0300183,178.7796566,89.14265575,137.1019965,142.2254586,173.7796907,168.5789532,154.8767764,161.0489664,161.7814313,72.11937239,69.49954981,197.6630294,189.9351393,190.0809547,145.3824468,79.0574293,75.63907216,130.4904219,66.53768606,31.09008994,82.42731989,94.58696036,47.87415122,28.20768265,197.4267952,104.3035298,19.91457383,26.70973046
3,164.7474241,165.7762142,187.3128841,88.55959261,146.4136652,146.8044233,179.1664728,160.2040701,149.0667753,103.7412612,158.506612,71.74512182,66.04564289,186.2629939,184.195026,178.7652464,143.3403072,74.54032598,79.20885838,119.0747367,69.34565377,29.47984514,83.02699686,91.9694118,39.40122612,28.37825077,95.01738446,104.5255769,20.39298815,24.98532601
4,159.3424261,166.5726792,27.57479434,94.04217798,144.8951373,156.279332,162.7136322,154.7657894,152.0827102,64.07959431,144.7532447,65.68283607,71.10116405,51.87224775,152.2974104,109.8231803,131.4221024,66.54087367,66.30206514,125.019688,69.24293267,27.51124888,78.24757381,125.1134469,40.37297673,29.10165041,55.28587755,104.7863839,18.63612397,28.67862571
5,90.54967771,144.8416995,23.70805063,102.5933291,132.9932301,155.8977835,17.60115248,150.27225,145.8044005,73.09604389,50.46224002,63.10852261,61.04256738,51.71113227,79.47882535,86.44852321,138.1906927,66.50096133,43.20052347,101.502593,62.20487644,26.28809727,51.17702579,96.7867172,50.086602,32.34824765,50.73844081,103.8005014,14.37613618,27.08655294
6,22.06057469,107.7733769,56.88629879,12.18675985,85.92353871,149.8488935,5.547740311,20.58714516,141.0456536,25.07624304,26.52238811,18.92515852,12.58850411,14.86205909,12.9973303,21.29057789,32.03027187,104.1507983,30.97363276,67.88441976,8.8980391,-3.646426996,28.03328585,47.04797483,29.04282832,7.637952766,7.394699846,9.014971277,-9.522072115,-3.715494184
7,-10.36555685,63.23058969,-1.206657554,-1.382829329,-2.050053437,143.4520752,-8.843895053,-9.905082229,8.368139776,-3.922975426,7.23980422,-11.14274249,-12.24203823,-9.020959514,-9.111626099,0.894324146,-3.936709801,21.0581379,2.520407315,-3.531245859,-11.49015562,-9.840823016,-1.893487752,-2.010386201,-5.206585765,-11.53912703,-0.424031322,-11.25330918,-10.91261648,-10.38956551
8,-3.836083152,10.18224537,-0.196419797,-9.338059233,-5.558771028,14.68627389,-12.72278178,-9.883328594,2.153564766,1.212697082,-9.327772743,-9.313135392,-10.84597563,-10.33530795,-9.872196349,-2.379579416,-8.405896018,5.125875741,-2.55294799,-8.158028952,-12.31387631,-9.602674318,-1.364425612,2.801909518,-5.874383557,-9.485387484,-6.62734436,-12.08906582,-11.91176499,-12.05378167
9,-8.684085765,5.882583844,-8.930678259,-10.41278639,-9.492745536,5.265374464,-11.11674374,-7.763973715,4.742654656,-10.28007812,-1.815214708,-11.6181917,-10.6632967,-11.5669584,-8.954615173,-5.985162699,-1.719117273,10.38734313,-0.486902157,-7.202349268,-8.794766332,-7.31476399,-5.840518524,-7.58492885,-9.337444453,-7.486398186,-6.683383328,-10.27732518,-12.72278178,-9.996968727
10,-7.577466243,-7.244808738,-8.387553998,-12.5572313,-10.45200585,4.268237175,-12.72278178,-12.72278178,-5.797567491,-9.109140759,-10.71107418,-8.67615015,-11.70759227,-12.72278178,-12.41127343,-10.56497255,-10.06613547,2.982099109,-5.775161433,-7.414088983,-12.29435792,-8.464426405,0.449950506,-8.604157643,-11.35865425,-10.67215948,-7.132172556,-12.72278178,-12.72278178,-12.72278178
11,-10.15911899,-10.36243434,-11.27211794,-12.72278178,-11.77473457,7.262241333,-12.72278178,-12.72278178,-2.750079139,-12.08534965,-10.85903923,-12.15234321,-12.72278178,-12.72278178,-12.72278178,-10.24601434,-10.98763217,6.213094316,-10.12698052,-11.03530193,-12.72278178,-12.72278178,-7.147378814,-10.05307961,-12.27839249,-12.72278178,-12.34853895,-12.72278178,-12.72278178,-12.72278178
12,-12.72278178,-7.94853046,-12.72278178,-12.72278178,-12.72278178,-3.665462694,-12.72278178,-12.72278178,-8.26604627,-12.72278178,-12.14246808,-12.72278178,-12.72278178,-12.72278178,-12.72278178,-11.31142328,-10.57443926,-11.10524986,-11.19878113,-11.26199745,-12.72278178,-12.72278178,-12.72278178,-12.72278178,-12.72278178,-12.72278178,-12.72278178,-12.72278178,-12.72278178,-12.72278178
13,-12.72278178,-10.94641008,-12.72278178,-12.72278178,-12.72278178,-4.042635155,-12.72278178,-12.72278178,-12.72278178,-12.72278178,-12.72278178,-12.72278178,-12.72278178,-12.72278178,-12.72278178,-12.09251831,-12.04939366,-10.73616023,-11.04808815,-12.09800934,-12.72278178,-12.72278178,-12.72278178,-12.72278178,-12.72278178,-12.72278178,-12.72278178,-12.72278178,-12.72278178,-12.72278178
14,-12.72278178,-9.830474108,-12.72278178,-12.72278178,-12.72278178,-4.865587346,-12.72278178,-12.72278178,-12.72278178,-12.72278178,-12.72278178,-12.72278178,-12.72278178,-12.72278178,-12.72278178,-11.58050514,-12.72278178,-12.72278178,-12.72278178,-12.72278178,-12.72278178,-12.72278178,-12.72278178,-12.72278178,-12.72278178,-12.72278178,-12.72278178,-12.72278178,-12.72278178,-12.72278178
15,-11.80805958,-9.020801676,-12.72278178,-12.72278178,-12.72278178,-6.780884877,-12.72278178,-12.72278178,-12.72278178,-12.72278178,-12.72278178,-12.72278178,-12.72278178,-12.72278178,-12.72278178,-10.84255461,-12.72278178,-12.72278178,-12.72278178,-12.72278178,-12.72278178,-12.72278178,-12.72278178,-12.72278178,-12.72278178,-12.72278178,-12.72278178,-12.72278178,-12.72278178,-12.72278178
16,-3.480017527,0.986957161,-12.36253809,-7.192797926,-12.46050147,-0.726538597,-10.51674537,-9.143036611,-11.74958466,-12.72278178,-12.07569093,-12.72278178,-12.72278178,-12.72278178,-11.62744226,6.998633649,-9.518296792,-9.613883301,-3.406876625,-12.72278178,-12.72278178,-12.72278178,-11.94700954,-12.72278178,-12.72278178,-12.72278178,-11.46507581,-12.72278178,-12.72278178,-12.72278178
17,145.5996725,86.08337055,104.0380222,109.0276368,59.76089144,97.3441582,34.40180329,121.1954391,144.1619047,106.3953558,108.0094098,77.51911911,24.88711315,51.25407968,115.7153396,135.1035064,56.60022856,60.00010822,86.83652266,34.80648925,6.684069122,42.77539288,116.4846978,28.04936184,16.25332184,16.17128145,121.7473318,19.9474557,11.16706458,45.74467885
18,214.582288,176.3609331,192.8403807,187.2343072,167.4024529,152.5474976,147.4254464,155.313911,162.5220414,192.5053463,186.2531525,115.4834272,138.4264207,135.3446338,160.6569064,138.208081,196.2910026,207.2013141,198.6811809,181.8618297,175.4604939,167.6080732,193.5409853,178.8624571,180.5411422,149.5282434,113.1379708,132.2854117,129.659713,167.8952368
19,171.8454636,108.4418769,175.7832475,157.3917961,134.2219755,113.635766,124.2553549,138.7273921,149.929327,197.3819191,163.0279855,75.28590289,122.8256168,82.80239221,119.4457631,135.9668945,169.0728841,174.5543312,185.4331673,179.2707914,134.597254,157.4928494,175.8111441,152.7581432,83.7389723,171.239574,116.1030035,84.74518166,73.39646618,149.5927891
20,160.987756,64.52670616,88.87417266,132.4186685,54.68861258,60.61477681,114.088538,134.3837697,86.11210691,159.7554729,124.7320526,79.29903344,69.46036843,85.01585221,121.8311269,131.4089225,102.7169601,97.84058813,127.605083,82.8693659,45.17474843,99.82179876,83.33601008,62.96498371,34.03863036,77.39257054,111.1782863,29.0689702,35.64796535,115.0273024
21,143.1374569,62.85038439,86.79336949,131.58427,55.09518326,48.76135325,30.34778406,134.2926188,91.99649804,107.0972674,126.6063345,69.62581488,21.4426715,83.58901579,107.8509016,136.3783668,105.0125803,95.55036055,131.8990574,76.64673386,38.8756567,93.355837,94.45584683,50.15386153,37.99510686,77.88536406,107.5132555,28.12380421,31.98837278,118.0733028
22,147.5689654,66.85705785,89.08057802,131.8114686,72.35198978,61.51810907,35.47194702,133.6435773,93.08228517,104.421311,74.51668544,63.84797118,30.59100084,63.3162514,117.1612955,136.9184242,92.46530748,72.54510876,139.7733211,57.78020404,22.22470432,87.75534888,96.895273,44.29334939,28.52456534,78.35759308,104.2171661,21.36285192,25.46064068,115.3649539
23,151.1870213,67.31096318,88.47644397,134.154576,81.43613556,104.9240891,33.43871333,156.5330163,116.1538471,129.0586932,69.00473296,63.08826441,18.32862034,59.2663357,117.2604138,149.4600749,86.92227793,75.35267181,135.7805388,57.81473209,21.45197881,75.99862262,97.09014831,50.378229,22.5252749,72.15987978,106.053533,19.40904505,27.70178943,115.3522424